"Algorithm","Hash","Path"
"SHA256","AFC13AAFB561C696ABE6213430FEA8A070F4369A708EC544DA8C9AE89FFC1D1A","C:\Users\zaina\Documents\SewageMap\raw_data\anglian\event-duration-monitor-edm-individual-discharges-2021 (3).xlsx"
"SHA256","62359395D11D669E8360FB9A837336A72AF23E82CC29095FDE6452A26F7F13E2","C:\Users\zaina\Documents\SewageMap\raw_data\anglian\event-duration-monitor-edm-individual-discharges-2022 (1).xlsx"
"SHA256","1FCCB496B2FD1381F2429091A0BA1F9A2CF0D1032132C266273DAA35B81403D0","C:\Users\zaina\Documents\SewageMap\raw_data\anglian\event-duration-monitor-edm-individual-discharges-2023.xlsx"
"SHA256","50539BA954D4BD86B194F185D4E870FD194D740DE7F64318CB8553429FA359FD","C:\Users\zaina\Documents\SewageMap\raw_data\anglian\event-duration-monitor-edm-individual-discharges-2024 (2).xlsb"
"SHA256","748959F353BE2C63DF9FB7DFE5497943DFEBA72CAB65534CC59906EBC72E8C34","C:\Users\zaina\Documents\SewageMap\raw_data\anglian\storm-overflow-map-april-2025.xlsx"
"SHA256","C7E9BA25E7609531414EBC1962E60F9AE40BDE063B1ABC46F18908718B81728E","C:\Users\zaina\Documents\SewageMap\raw_data\anglian\storm-overflow-map-april-2026 (1).xlsx"
"SHA256","9DA003C32CCB369D4E6AD00117DF8A6CBC25A7824F03E135BE49BF8B54528FDC","C:\Users\zaina\Documents\SewageMap\raw_data\anglian\storm-overflow-map-august-2025.xlsx"
"SHA256","9061C2C5E3099E17AE224F49E747F982AF542565E8439C7EED3D0D85AB2FC67C","C:\Users\zaina\Documents\SewageMap\raw_data\anglian\storm-overflow-map---december-2025.xlsx"
"SHA256","30952CAF9D3472F4D3BB4248D63FCBD42EB73950DE0773797EFAA797682DE9C6","C:\Users\zaina\Documents\SewageMap\raw_data\anglian\storm-overflow-map-february-2026.xlsx"
"SHA256","A6CCD795A288E18748315E024C2D20DD02F92F4681B69E66B0F031AE23C227CA","C:\Users\zaina\Documents\SewageMap\raw_data\anglian\storm-overflow-map---january-2026.xlsx"
"SHA256","4D2645E2D3E50B5A00972C337ABAB76637D8960E3A82760D3A64C2DCA52D68A3","C:\Users\zaina\Documents\SewageMap\raw_data\anglian\storm-overflow-map-july-2025.xlsx"
"SHA256","62CA2C7E65741B0809D7BA6E7A8C0D5947BBE4BFC94E4EE9EB686CABC5D2FCC9","C:\Users\zaina\Documents\SewageMap\raw_data\anglian\storm-overflow-map-june-2025.xlsx"
"SHA256","1BC45EB82781AC9A742E75DD2B06A58E2112AAB944FCF34F5FB8D76BC686FF5B","C:\Users\zaina\Documents\SewageMap\raw_data\anglian\storm-overflow-map-march-2026.xlsx"
"SHA256","BBAE77F6BAC34257C9D6670D37983C4DAC85617AC4BA6E303B053A293BECCD1E","C:\Users\zaina\Documents\SewageMap\raw_data\anglian\storm-overflow-map-may-2025.xlsx"
"SHA256","ACEDF35ADA29A89BF7FB9D084FBA1518B46FC9FEB9364A71E86B3DDC85AFFCEE","C:\Users\zaina\Documents\SewageMap\raw_data\anglian\storm-overflow-map-may-2026.xlsx"
"SHA256","807E157B8FF3CA0B687CEE812B76C80AAD4B3F227538F2AFA8F3467AAEDD0943","C:\Users\zaina\Documents\SewageMap\raw_data\anglian\storm-overflow-map---november-2025.xlsx"
"SHA256","393D3CB31D514952928B11919084B86B7F297EC24939E67956111C8F05F96676","C:\Users\zaina\Documents\SewageMap\raw_data\anglian\storm-overflow-map---october-2025.xlsx"
"SHA256","207B4FB13901DFF0DC9DA9D5133AE113C2AB274315C7CB54E422D8862D698CE9","C:\Users\zaina\Documents\SewageMap\raw_data\anglian\storm-overflow-map-september-2025.xlsx"
"SHA256","B9CC8E717D586243357A2C75E804E23A8B1D1E03C5B36FACADFC8FC7714E4C80","C:\Users\zaina\Documents\SewageMap\raw_data\northumbria\Northumbrian 2024 Detailed EDM Data (3).csv"
"SHA256","34643897832D172F3CE776A0D870C90031DF428CBE4E4D436FD00265D32D0787","C:\Users\zaina\Documents\SewageMap\raw_data\northumbria\Northumbrian 2025 Detailed EDM Data (1).csv"
"SHA256","0B7FC62DB2E54348F73F1F44C31365E084951518659B7B74673B858409BDA4F2","C:\Users\zaina\Documents\SewageMap\raw_data\severn_trent\EDM Return Severn Trent Water 2021.xlsx"
"SHA256","7581918417AFC1461AEF9216ACABB97A6915D88E8603F99223F6DB73D3BB17C5","C:\Users\zaina\Documents\SewageMap\raw_data\severn_trent\EDM-Return-Severn-Trent-Water-Annual-2020 (2).xlsx"
"SHA256","4943476F49BF6586EEB4F479BDB7AE5CBB4262215CE563E3E4D4D91A4775B1B2","C:\Users\zaina\Documents\SewageMap\raw_data\severn_trent\severn-trent-edm-2023.xlsx"
"SHA256","4B9F81C023773BC4BEB4F93FD7B22D850FD7BFADA76E02D46C5DBD55B2A1467C","C:\Users\zaina\Documents\SewageMap\raw_data\severn_trent\start-stop-2022 (1).csv"
"SHA256","643AFA8F1DBC43DCF14E7A5DA6857ABC425B1E4AFAB0ADABB7EF0F4C4337EEA4","C:\Users\zaina\Documents\SewageMap\raw_data\severn_trent\st-edm-data-jan-may-2026.xlsx"
"SHA256","BC2FBA1E666099054AB72E0D0731A0D1F37BAD21912C603D698F3DA21C82EDF3","C:\Users\zaina\Documents\SewageMap\raw_data\severn_trent\st-edm-jan-dec-2025.xlsx"
"SHA256","856738CC855DF669C5B7801E6076EF6616CBF4FD15E8DCA5CD50F1D27981614D","C:\Users\zaina\Documents\SewageMap\raw_data\severn_trent\stw-start-stop-2024.xlsx"
"SHA256","7DBDFCE9903196232632A06E35B354C19F3B1B43A1F30F8E92526663606908FB","C:\Users\zaina\Documents\SewageMap\raw_data\south_west_water\sww-2020-edm-start-stops---storm-overflows.xlsx"
"SHA256","2F9605E424C7F82C0C9F4A6B4F04BBE343FECE6349B271B63ACBB47FA48E52E7","C:\Users\zaina\Documents\SewageMap\raw_data\south_west_water\sww-2021-edm-start-stops---storm-overflows.xlsx"
"SHA256","FC34D89AED3F7790309A066C880AB8A3020430A9384B6205B1A827E6FE17A2E7","C:\Users\zaina\Documents\SewageMap\raw_data\south_west_water\sww-2022-edm-start-stop---storm-overflows.xlsx"
"SHA256","05755D9D230E33A663EC77184272DC6495EF80D3210E2A55780334A0E8EBE5B6","C:\Users\zaina\Documents\SewageMap\raw_data\south_west_water\sww-2023-edm-start-stop---storm-overflows.xlsx"
"SHA256","819C7C4B50AFAF06C84F31CB92C49DECA5B0A3794B919B45F727DCC2C5D63B1E","C:\Users\zaina\Documents\SewageMap\raw_data\south_west_water\sww-2024-edm-start-stop---storm-overflows.xlsx"
"SHA256","7F4129D7D2851610B56E7D3272A7AFFEB19A315DC91FD4FF94EECBEA73A406E6","C:\Users\zaina\Documents\SewageMap\raw_data\south_west_water\sww-2025-edm-start-stop---storm-overflows.xlsx"
"SHA256","BA7A5A0E3D1BF4076D9C37F0423EDDBDA9BA18950A55A1193F6302F3F6D6C3FD","C:\Users\zaina\Documents\SewageMap\raw_data\south_west_water\sww-2026-edm-start-stop---storm-overflows2 (2).xlsx"
"SHA256","CA8538DDABD2850CEF252B6F3E8114D530B1F227ADCB6CC898045DB677FF74DB","C:\Users\zaina\Documents\SewageMap\raw_data\southern_water\ar25-individual-spill-data-for-website-upload (1).xlsx"
"SHA256","8A7F5EAF041CA460FF361E2D916872B492D7CB9BB12E1C918FFAC44319B008E9","C:\Users\zaina\Documents\SewageMap\raw_data\southern_water\individual-spill-data-2023-final (1).xlsx"
"SHA256","6A6BF489AC55146B55FF45DC063CA6FB62A001504F34E09E5798F1801EE2BA36","C:\Users\zaina\Documents\SewageMap\raw_data\southern_water\southernwater-water-individual-spill-data-2021.csv"
"SHA256","2D0E9A26E54A06D59888DC41264DB4EBA94AFD336151F5957460878B2D542004","C:\Users\zaina\Documents\SewageMap\raw_data\southern_water\southernwater-water-individual-spill-data-2021.xlsx"
"SHA256","68B6AF0616CC2FB2118EC087A634AF5FF4C764DA8B5864B8316C10A610A8D740","C:\Users\zaina\Documents\SewageMap\raw_data\united_utilities\2023 Start and Stops.xlsx"
"SHA256","A0F2A709A358D2F33EBCFDC55AE7023ED1D155B7614303B001698710F01B6F80","C:\Users\zaina\Documents\SewageMap\raw_data\united_utilities\2024 Start and Stops.xlsx"
"SHA256","1193D7EC507BAD7F736230A8224A64DD133BE02247F003479DD1D4F89794B387","C:\Users\zaina\Documents\SewageMap\raw_data\united_utilities\April 2026 Start Stop Data.xlsx"
"SHA256","4A31423ABA38B268E80448CC550A4ABC01E04323831818B4DC69C3432E04D7A4","C:\Users\zaina\Documents\SewageMap\raw_data\united_utilities\February 2026 Start Stop Data.xlsx"
"SHA256","81C99DAF26BA6DD61C656DFEEAC047994EFC14795C9828EB5838D81D167F94BD","C:\Users\zaina\Documents\SewageMap\raw_data\united_utilities\January 2026 Start Stop Data.xlsx"
"SHA256","5C650630DE99AB41FCAA3969611DDAA4065E56BC0364BF5E117FC570430A87F5","C:\Users\zaina\Documents\SewageMap\raw_data\united_utilities\March 2026 Start Stop Data.xlsx"
"SHA256","A46826A2EC885C762AD4DFB7D13819FEA09E5CA70BFB39D19062983211F499DA","C:\Users\zaina\Documents\SewageMap\raw_data\united_utilities\May 2025 EDM Data.xlsx"
"SHA256","53C222ACE62F48190984A0AD5D9A2E6CB73D96D67D399D607D68439880C2FE36","C:\Users\zaina\Documents\SewageMap\raw_data\united_utilities\May 2026 Start Stop Data.xlsx"
"SHA256","00FD5A3A379BF958C9857CC44A9760780D6EAA0BB9E3FBF0EB3F12494FD7364A","C:\Users\zaina\Documents\SewageMap\raw_data\wessex\storm-overflow-event-duration-monitoring-data-2025 (1).xlsx"
"SHA256","508879C4F27525E28D6A1466C3BF0640D935077715B4B539B653474820BEF745","C:\Users\zaina\Documents\SewageMap\raw_data\wessex\storm-overflow-event-duration-monitoring-data-2026-ytdxlsx.xlsx"
"SHA256","E6A67C901A43FD5DF8B9DCABD2914C49B5D4D1F6F265141F3638A0E9ADF816FA","C:\Users\zaina\Documents\SewageMap\raw_data\yorkshire\stop_start-file-2021-iso-format (1).xlsx"
"SHA256","C58AB63B1A8FCB58C4EAAD459AEFEB7F7BAEA219D0AD78DAC6CF61D287A38846","C:\Users\zaina\Documents\SewageMap\raw_data\yorkshire\stop_start-file-2022-iso-format.xlsx"
"SHA256","8964747DEDAF905B704722774EF53D71826D98EA80FF53082E902ED8FC2A38CA","C:\Users\zaina\Documents\SewageMap\raw_data\yorkshire\stop_start-file-2023-iso-format.xlsx"
"SHA256","15EBB0A945A60670E42148F2F9A62B5FB87E24AE1A454CFDC3CBF5235872EC76","C:\Users\zaina\Documents\SewageMap\raw_data\yorkshire\stop_start-file-2024-iso-format.xlsx"
"SHA256","140AB70B5E45A5DB686C6D4B6ACC5D79FDF8E350A1F76851073BA4563BE9EF72","C:\Users\zaina\Documents\SewageMap\raw_data\yorkshire\stop-start-file-2025-iso-format.xlsx"
"SHA256","439DB59E7E8FF10011F10B9708512D93E0C61A013B325B4F2D5B0C74F6C8676D","C:\Users\zaina\Documents\SewageMap\raw_data\yorkshire\stop-start-file-2026-iso-format.xlsx"
